title,url
동탄 맛집특별했던 강남면옥 화성점,https://adcr.naver.com/adcr?x=ntV7yhPsIYqtrdy0W6/tof///w==kXrm83J3V7xTlDUhREMcwfScXiQ3wUXFi0XJ6ujUiNir/HctJ4GZ7XKccwSCO5lfFehEwwcf9m98392YdDpqbwXEgkJ91jaxWVUSwhhBUz7KgygSNUhAWBqgJ2pTOenCQMbbHK9jDRLctcjLVe5fsyBp5pJwaPg9AJBLSGAG/ugPiwOeZM3qvCJprDjGPR5GZM/JE21YSc4tPEatvzqNSsMAP5aIqoj0yltQFYdEKL6Tl7rSzaIddSYH0xp7hhUACZRAWdL5hz/3zSG7Qk/eALjUmU2JnjGTDe9IX2nYdi6/v4Oc5MnIEoypBzECbwyYjaGv87oA/5prqUFaL1lPzEj0PpIh7m76krtR+780sPa9r29urzHc2WUw1p6FmDrbJoZIS+XiHWhFX94Jw4qb5KwiTxciJe7nMb7SSo06uPjbyN5bI8WZWHIJGxJOVO1wdhAtdIRsA6Hkn9u5WGqfi1FfjM+xPeM0jBhs0otZmdX/1B0+O8QyGFdwL3mGobhPc49Z5/MWyvaU6L8RX1AEUrk/iqU7WYK0ILH8G8HcpMJKS2B0GPli19FDhXUeCgslAmw4DDz9KRrS4buOVy9+96xSLjCE2hcPrO1IPRYjeftI7EMuHzMiHi2FfsD68BKrx+wlMgQi8VD3G+8pgTCSHANPqLRJ/gc3AoEHNyXVJuQ0=
동탄 맛집육즙 꽉 찼던동탄한우,https://adcr.naver.com/adcr?x=qssbjEQsZm4d1YXIRbmjs////w==k9AMs+25xhbWpofAIKlcO2fPeQqMHbnCfY6CdIzOI8LfLvUBcax2atA6TjiBiU1JdV8VhZmUmZI3+4soH8OfFwXeLQlu09IjTtyp5s08xuL6TZVBgkRxxJMRQkYd3oV6AlnJhEYBsCRxwSiTQbVUdFMxINg1zN8h/zrKdl7e0rCozXGIFuH3Gr/TjJxku3Bvurb0uUdnhXC/GiNFhqzzKLNQz+u+16xLgXFzyM9LXtO4QnuMJ5t/mc1s+sqxqPzpDNaSZqEoyw8gfSyPzG3XqUApwGGGyy/Hoq8llul1LyOfWEdhn/w3f9G/HEvCVpUUJBciLwhaGVoH3/0ArM40JURdKq2QSL2g347hQJeX4u3D79FrYJKis0X8+u3TifsnhbFSys/703zAwILbG4RqxpLpG6zc3bKXhr8m63WXFhM9gbsBwlBuDYI8UFz1meOZTrjoduRJASQeUGp5qkbcDyqr0hhGcIPZnxsFHI0rfCALk2Q37YIQqOpyN0xuSUHE0IlODBOXYAOra0MTnglfvcqZf34wdloVrsNbbEs/zN3ENDOTx54UNreOx+HRbx3kMJi62kHmeQ6ZFTVsQWSGjYaXFtnuCmrctcjO+7MAtEfh1H/ry7ybA8+uhc5qfj3UBLRDSUEimJesuj///hezR649aH18ogMFUO6zrfSUtFbQ=
샤브20 가격 능동 샤브샤브 뷔페동탄맛집,https://blog.naver.com/santaco/223735801867
동탄 맛집연초 모임 장소 추천 자작나무갈비 무봉산,https://blog.naver.com/darkyoon85/223728888837
동탄 맛집고메스퀘어 리뉴얼 초밥 뷔페 연말모임 송년회,https://blog.naver.com/kizaki56/223681698515
1동탄 맛집감동했던 테판진 기억에 남은 동탄 센트럴파크 맛집,https://blog.naver.com/sia855/223721964811
동탄 맛집샤브올데이 동탄신도시점 무제한 뷔페가격 주차정보와 대기시간,https://blog.naver.com/sin7u/223696902397
동탄맛집숯불구이전문 우테일러,https://adcr.naver.com/adcr?x=NRZY2fHnpf/aZ+mMlrcFjf///w==kKCltqQFdZAGq9TpNWeykrgeUr4khy8n75HaUclFBTtEsH9FnC8RvPbGWlXdIcDJnJxMjJQMs1cEi6bnD2Vh2ZZxiYyfyaeS4x3+q1+2Gbx9VfjETvXOnNeFlRqSET86YAuwNYPzcG9B0uFP9vRnL+Tx0/SdEqAc96sgI007felUJbNYpUpp0lon9mIn8QUp96upery6PUrYFIiHei61vHVBb0JXfq5i3BP+wwLLgd6ghUOFFAgNdsRoPHBIf+RABiqHteYh39QeFzhNUuIDJXxz4BQYSs3MKajTjhDvWwPpt4fUph3hXaREXuSAHdYQpa0bxXnuNR0PuPWvOQVWZtgyuEzUAwQdsCTrFPceEz0kfrav+GqcHNtnKzIrxnrjeAAnRPgCMEjlKWcaBF0bRV3rMj4VYXHkjdCRWKtSaLm51JrfpYZY1fUCrT26a4ED17H44vQqH6dDrIfTAmqfgtZC3PzP3etfsmlZu7rguUHsGQW4AhdTms0RU2V4xugDydZkHnMef9Y2EuztBZ6z1J2UYCmmO8k0Vdqr9zcZ4wEBzqGOkkxi02Z2AC9qJFhPb4A9wZ5ZXG2giWAnNzjOQThx+W+atLDspzhgR1x89htb880w27DrFy5/34GWf3IcjQXaYAaNc+mAQyHV5T12COA4DDvMTn8+u9/tsrTHMqAs=
분위기 좋은동탄맛집더몰트하우스,https://adcr.naver.com/adcr?x=iEofZEOgYeLfvFpAkT972v///w==kFRpCLFLj3nYrSmaxSV8vd8BaeZozl7BEjAW2nO5LN5XA73SF//+IUfkdbxei3c31/r5YCYDAhtBOVD0ewxQvTwBMyjSZkJCYoI/6dsS+J0UWojDT+wA3buq2TTJaYqBkBkbTTTKQwtjxJa7MQiJnhmHqYbiurBiCv27y44g3WfcObXIUWN6/NMqrz0ki0LOIhVTVpZ7P63MHOwGnnnv7T6nqDGE6xnL5UD/OAE6d0B7kPucw3HfRFH0mY1gJKqpDpVE6rguoKEFj/8I1wR0CmCCtFRU/dcncl37xfXJe8WUYD/ffamDFXkHCOhhnKIEYpZ7X3lsz3aBChlHzB5GGy4oglotGv4UR5wM8k8lNHml3RTqXHkc6C3xF1stacsTQc6bE8/GiEcDHq1Q4wFEQMui2yDDbJvrZiF8GRhcHgok+Z6loiggDbP9qp6ak50byrJdBVbkI4wVZjLBQOfESN6s3P1NO5vPLbzeSdti0I8rJrBc0dnvamcW7/iCeLPWvBnmqGcmKRSqTtZm24k/uZ8lTJhbAARhsbdtC4/kZAwt9MtOrBDLv1ErkyAXjujhvPyeId14nBcrM7hE6OcycBYZQ72RBoYOnXgAWMzJxvN/bIpVLDHpTkRrSk4oEjrrAWUKjroA9opLQxq6WfHcBN+oEfWKhpjr0ZD9+uSKqOz8=
무쇠철판에 한우 구워주는동탄 맛집,https://post.naver.com/viewer/postView.naver?volumeNo=35104711&memberNo=46582882&vType=VERTICAL
1동탄 맛집김치찌개가 삼겹살만큼 맛있는 소곰집,https://blog.naver.com/wajaenn/223713916833
동탄맛집조개전골은 무조건 택이네 솔직후기,https://blog.naver.com/blueredya/223726127671
동탄센트럴파크양식맛집 타코닷동탄 맛집ㅎㅎ,https://blog.naver.com/ryeovely-/223732058886
동탄맛집노작진성아구찜 노작공원 아구찜 반송동 웨이팅 맛집,https://blog.naver.com/juhyuk-lee/223730843897
동탄맛집무한리필 샤브샤브 샤브20후기,https://blog.naver.com/elice3004/223732790141
동탄 맛집북광장 고기집 숙성고기와 항아리갈비 반송돈,https://blog.naver.com/gusdktmdals/223729583942
동탄 맛집고메스퀘어 동탄 뷔페,https://blog.naver.com/ilho6004/223681370838
2동탄 맛집추오정남원추어탕 오산점 반찬까지 보양식이네,https://blog.naver.com/ingoodtime_/223727646704
화성 신상 브런치카페 르바게트 유럽감성동탄맛집,https://blog.naver.com/shsy5229/223727095514
1동탄 맛집매일 가고싶은 신선한 재료가 독보적인 테판진,https://blog.naver.com/charmshongg/223716643563
동탄 맛집소와솥 한원cc 가성비 좋은 소갈비찜 추천,https://blog.naver.com/ninamath/223731253025
2동탄 맛집애견동반가능한 스케줄 동탄 롯데 메뉴 주차 내돈내산,https://blog.naver.com/chloe_bk/223727630123
동탄맛집최미삼 순대국 능동점 내돈내산,https://blog.naver.com/lovelytrue/223719698719
"동탄맛집추천 이가네양꼬치 동탄2호점, 동탄 양꼬치들 중 나의 최애.",https://blog.naver.com/leesangmii/223726200745
동탄 맛집신상 샤브샤브 무한리필 고기 ‘샤브20 동탄능동점’ 평일런치 후기,https://blog.naver.com/anotherme988/223729315193
2동탄맛집숯불 야끼니꾸 전문점 류마 동탄코벤트가든점,https://blog.naver.com/hdy0159/223727498835
동탄 맛집샤브올데이 예약없이 오픈런 찐후기,https://blog.naver.com/kk0jjin/223707072251
동탄 맛집추천 가성비좋은 양대창과 뚝배기양밥,https://blog.naver.com/ekwellbeing/223703809865
동탄 맛집가성비 샤브샤브와 찜까지 먹을 수 있는 편백회관,https://blog.naver.com/k-traveler-/223707319323
"[동탄 맛집/동탄 술집] 오코노미야끼와 야끼소바가 끝내주는,, ""소레나""",https://blog.naver.com/doden322/223733348763
동탄 맛집뽕사부에서 짬뽕 짜장면 탕수육 가지튀김 먹어본 후기와 주차정보,https://blog.naver.com/oksusu521/223713610986
동타안 안심 등심 진심 최상품 한우가 생각날 땐 동탄 센트럴파크동탄맛집(feat. 동타안),https://blog.naver.com/betamom/223731487998
동탄 맛집자작나무갈비 후기,https://blog.naver.com/vnem8392/223714102170
뜨끈한 국물이 시원한 유복해물칼국수동탄맛집추천,https://blog.naver.com/tattarrattat/223704029641
